{
  "targets": [
    "swap",
    "final"
  ],
  "passes": [
    {
      "name": "entity_outline",
      "intarget": "final",
      "outtarget": "swap"
    },
    {
      "name": "blur",
      "intarget": "swap",
      "outtarget": "final",
      "uniforms": [
        {
          "name": "BlurDir",
          "values": [
            0.0,
            0.0
          ]
        },
        {
          "name": "Radius",
          "values": [
            0.0
          ]
        }
      ]
    },
    {
      "name": "blur",
      "intarget": "final",
      "outtarget": "swap",
      "uniforms": [
        {
          "name": "BlurDir",
          "values": [
            0.0,
            0.0
          ]
        },
        {
          "name": "Radius",
          "values": [
            1.0
          ]
        }
      ]
    },
    {
      "name": "blit",
      "intarget": "swap",
      "outtarget": "final"
    }
  ]
}