{
	"credit": "Made with Blockbench",
	"parent": "minecraft:item/generated",
	"textures": {
		"layer0": "item/golden_carrot"
	},
	"display": {
		"thirdperson_righthand": {
			"translation": [-1, 4.25, 0],
			"scale": [0.44805, 0.56867, 1]
		},
		"thirdperson_lefthand": {
			"translation": [1, 4.25, 0],
			"scale": [0.4707, 0.57032, 1]
		},
		"firstperson_righthand": {
			"rotation": [90.17, 87.75, -101.92],
			"translation": [0, 5, 3.25],
			"scale": [0.38, 0.52, 0.65]
		},
		"firstperson_lefthand": {
			"rotation": [-15, -79, 0],
			"translation": [0, 5, 2.75],
			"scale": [0.38, 0.52, 0.67]
		},
		"ground": {
			"translation": [0, 1, 0],
			"scale": [0.6, 0.60352, 0.6]
		},
		"gui": {
			"rotation": [0, 180, 0],
			"translation": [0.5, 1.5, 0],
			"scale": [0.97461, 1.17578, 1]
		},
		"head": {
			"translation": [-0.75, 14.25, 0],
			"scale": [0.85, 0.86, 1.04]
		},
		"fixed": {
			"translation": [0, 1.75, 0],
			"scale": [1.08203, 1.20508, 1]
		}
	}
}