{
	"credit": "Made with Blockbench",
	"parent": "block",
	"textures": {
		"0": "block/carved_pumpkin",
		"1": "block/pumpkin_side",
		"2": "block/pumpkin_top",
		"3": "block/stem1",
		"4": "block/stem2",
		"particle": "block/carved_pumpkin"
	},
	"elements": [
		{
			"from": [6.5, 18.5, 7.5],
			"to": [9.5, 21.5, 10.5],
			"faces": {
				"north": {"uv": [0, 0, 3, 3], "texture": "#3"},
				"east": {"uv": [0, 3, 3, 6], "texture": "#3"},
				"south": {"uv": [3, 0, 6, 3], "texture": "#3"},
				"west": {"uv": [3, 3, 6, 6], "texture": "#3"},
				"up": {"uv": [3, 9, 0, 6], "texture": "#3"},
				"down": {"uv": [9, 0, 6, 3], "texture": "#3"}
			}
		},
		{
			"from": [0, 0, 0],
			"to": [16, 16, 16],
			"faces": {
				"north": {"uv": [0, 0, 16, 16], "texture": "#0"},
				"east": {"uv": [0, 0, 16, 16], "texture": "#1"},
				"south": {"uv": [0, 0, 16, 16], "texture": "#1"},
				"west": {"uv": [0, 0, 16, 16], "texture": "#1"},
				"up": {"uv": [0, 0, 16, 16], "texture": "#2"},
				"down": {"uv": [0, 0, 16, 16], "texture": "#1"}
			}
		},
		{
			"from": [6.5, 15.5, 6.5],
			"to": [9.5, 19.5, 9.5],
			"faces": {
				"north": {"uv": [0, 0, 3, 4], "texture": "#4"},
				"east": {"uv": [3, 0, 6, 4], "texture": "#4"},
				"south": {"uv": [0, 4, 3, 8], "texture": "#4"},
				"west": {"uv": [3, 4, 6, 8], "texture": "#4"},
				"up": {"uv": [9, 3, 6, 0], "texture": "#4"},
				"down": {"uv": [9, 3, 6, 6], "texture": "#missing"}
			}
		}
	],
	"display": {
		"thirdperson_righthand": {
			"rotation": [90, 45, 0],
			"translation": [0.25, 3.75, 0.5],
			"scale": [0.4, 0.4, 0.4]
		},
		"thirdperson_lefthand": {
			"rotation": [90, -45, 0],
			"translation": [0.25, 3.75, 0.5],
			"scale": [0.4, 0.4, 0.4]
		},
		"firstperson_righthand": {
			"rotation": [0, 45, 0],
			"translation": [0.75, 0.75, 0],
			"scale": [0.4, 0.4, 0.4]
		},
		"firstperson_lefthand": {
			"rotation": [0, -45, 0],
			"translation": [0.75, 0.75, 0],
			"scale": [0.4, 0.4, 0.4]
		},
		"ground": {
			"translation": [0, 1, 0],
			"scale": [0.25, 0.25, 0.25]
		},
		"gui": {
			"rotation": [-152.44, -43.48, -178.99],
			"translation": [0, -0.25, 0],
			"scale": [0.6, 0.62539, 0.6]
		},
		"head": {
			"translation": [0, 0.25, 0]
		},
		"fixed": {
			"translation": [-0.25, 0, -0.25],
			"scale": [0.60547, 0.60547, 0.60156]
		}
	},
	"groups": [
		{
			"name": "group",
			"origin": [0, 0, 0],
			"color": 0,
			"children": [0, 1, 2]
		}
	]
}