{
	"credit": "Made with Blockbench",
	"parent": "block/block",
	"textures": {
		"0": "block/pumpkin_side",
		"1": "block/pumpkin_top",
		"3": "block/stem2",
		"4": "block/stem1",
		"particle": "block/pumpkin_side"
	},
	"elements": [
		{
			"from": [0, 0, 0],
			"to": [16, 16, 16],
			"faces": {
				"north": {"uv": [0, 0, 16, 16], "texture": "#0"},
				"east": {"uv": [0, 0, 16, 16], "texture": "#0"},
				"south": {"uv": [0, 0, 16, 16], "texture": "#0"},
				"west": {"uv": [0, 0, 16, 16], "texture": "#0"},
				"up": {"uv": [0, 0, 16, 16], "texture": "#1"},
				"down": {"uv": [0, 0, 16, 16], "texture": "#0"}
			}
		},
		{
			"from": [6.5, 18.5, 5.5],
			"to": [9.5, 21.5, 8.5],
			"faces": {
				"north": {"uv": [0, 0, 3, 3], "texture": "#4"},
				"east": {"uv": [0, 3, 3, 6], "texture": "#4"},
				"south": {"uv": [3, 0, 6, 3], "texture": "#4"},
				"west": {"uv": [3, 3, 6, 6], "texture": "#4"},
				"up": {"uv": [3, 9, 0, 6], "texture": "#4"},
				"down": {"uv": [9, 0, 6, 3], "texture": "#3"}
			}
		},
		{
			"from": [6.5, 15.5, 6.5],
			"to": [9.5, 19.5, 9.5],
			"faces": {
				"north": {"uv": [0, 0, 3, 4], "texture": "#3"},
				"east": {"uv": [3, 0, 6, 4], "texture": "#3"},
				"south": {"uv": [0, 4, 3, 8], "texture": "#3"},
				"west": {"uv": [3, 4, 6, 8], "texture": "#3"},
				"up": {"uv": [9, 3, 6, 0], "texture": "#3"},
				"down": {"uv": [9, 3, 6, 6], "texture": "#3"}
			}
		}
	],
	"groups": [
		0,
		{
			"name": "group",
			"origin": [0, 0, 0],
			"color": 0,
			"children": [1, 2]
		}
	]
}